event_id,event_type,actor_id,created_at,repo_id
23487929637,IssueCommentEvent,1696078,2022-08-17T15:51:05Z,75340147
23487929676,PushEvent,66924041,2022-08-17T15:51:05Z,525526680
23487929674,PushEvent,74971347,2022-08-17T15:51:05Z,512700417
23487929661,PushEvent,91143053,2022-08-17T15:51:05Z,525851446
23487929682,PushEvent,60825784,2022-08-17T15:51:05Z,505029866
23487929673,PushEvent,102357035,2022-08-17T15:51:05Z,525845306
23487929588,PushEvent,46447321,2022-08-17T15:51:05Z,274724694
23487929636,CreateEvent,41898282,2022-08-17T15:51:05Z,523780252
23487929580,IssuesEvent,21972349,2022-08-17T15:51:05Z,524701461
23487929591,PushEvent,17869732,2022-08-17T15:51:05Z,164541747
23487929533,PushEvent,37043957,2022-08-17T15:51:05Z,524655561
23487929573,PushEvent,22376627,2022-08-17T15:51:05Z,264221410
23487929349,PushEvent,90624848,2022-08-17T15:51:04Z,472789273
23487929578,PushEvent,98659638,2022-08-17T15:51:05Z,487950724
23487929597,IssueCommentEvent,32714304,2022-08-17T15:51:05Z,432870871
23487929522,ReleaseEvent,41898282,2022-08-17T15:51:05Z,523780252
23487929560,PushEvent,111369888,2022-08-17T15:51:05Z,525845966
23487929536,PushEvent,5146167,2022-08-17T15:51:05Z,522475355
23487929501,DeleteEvent,34882892,2022-08-17T15:51:05Z,280075452
23487929523,PushEvent,12437240,2022-08-17T15:51:05Z,524300625
23487929494,PushEvent,39814207,2022-08-17T15:51:05Z,502695999
23487929532,PushEvent,75855221,2022-08-17T15:51:05Z,381424857
23487929508,CreateEvent,90800936,2022-08-17T15:51:05Z,525860418
23487929447,PushEvent,102809970,2022-08-17T15:51:05Z,507821009
23487929496,DeleteEvent,111434456,2022-08-17T15:51:05Z,525800293
23487929420,PushEvent,5981249,2022-08-17T15:51:05Z,55965971
23487929439,PushEvent,41898282,2022-08-17T15:51:05Z,266811533
23487929452,PushEvent,23216921,2022-08-17T15:51:05Z,406699027
23487929428,IssuesEvent,21071133,2022-08-17T15:51:05Z,501154542
23487929425,IssueCommentEvent,28898909,2022-08-17T15:51:05Z,239809522
